PlayerID,Actual_Salary,Predicted_Salary,Residual,Abs_Residual,AtBat,Hits,HmRun,Runs,RBI,Walks,Years,CAtBat,CHits,CHmRun,CRuns,CRBI,CWalks,PutOuts,Assists,Errors
172,2127.333,179.90040889090517,1947.432591109095,1947.432591109095,20,1,0,0,0,0,2,41,9,2,6,7,4,78,220,6
182,1940.0,702.2113111985147,1237.7886888014853,1237.7886888014853,514,144,0,67,54,79,9,4739,1169,13,583,374,528,229,453,15
